<?xml version='1.1' encoding='UTF-8'?>
<result plugin="junit@1.21">
  <suites>
    <suite>
      <file>C:\Agile_TP_Lab\JenkinsWS\workspace\CI_Pipeline_21Aug\UnitTest\target\surefire-reports\TEST-ut.Calculaterut.xml</file>
      <name>ut.Calculaterut</name>
      <duration>0.009</duration>
      <time>0.009</time>
      <cases>
        <case>
          <duration>0.003</duration>
          <className>ut.Calculaterut</className>
          <testName>testAdd</testName>
          <skipped>false</skipped>
          <failedSince>0</failedSince>
        </case>
        <case>
          <duration>0.001</duration>
          <className>ut.Calculaterut</className>
          <testName>testDiv</testName>
          <skipped>false</skipped>
          <failedSince>0</failedSince>
        </case>
        <case>
          <duration>0.001</duration>
          <className>ut.Calculaterut</className>
          <testName>testMul</testName>
          <skipped>false</skipped>
          <failedSince>0</failedSince>
        </case>
        <case>
          <duration>0.004</duration>
          <className>ut.Calculaterut</className>
          <testName>testSub</testName>
          <skipped>false</skipped>
          <failedSince>0</failedSince>
        </case>
      </cases>
    </suite>
    <suite>
      <file>C:\Agile_TP_Lab\JenkinsWS\workspace\CI_Pipeline_21Aug\UnitTest\target\surefire-reports\TEST-ut.SudokuPuzzleut.xml</file>
      <name>ut.SudokuPuzzleut</name>
      <duration>0.0</duration>
      <time>0</time>
      <cases>
        <case>
          <duration>0.0</duration>
          <className>ut.SudokuPuzzleut</className>
          <testName>testNumInBox</testName>
          <skipped>false</skipped>
          <failedSince>0</failedSince>
        </case>
        <case>
          <duration>0.0</duration>
          <className>ut.SudokuPuzzleut</className>
          <testName>testNumInCol</testName>
          <skipped>false</skipped>
          <failedSince>0</failedSince>
        </case>
        <case>
          <duration>0.0</duration>
          <className>ut.SudokuPuzzleut</className>
          <testName>testNumInRow</testName>
          <skipped>false</skipped>
          <failedSince>0</failedSince>
        </case>
      </cases>
    </suite>
  </suites>
  <duration>0.009</duration>
  <keepLongStdio>false</keepLongStdio>
</result>